<?xml version="1.0" encoding="utf-8"?>
<!--
    l10n_co_hr_payroll
    Copyright (C) 2024  Jorels SAS

    This program is free software: you can redistribute it and/or modify
    it under the terms of the GNU Affero General Public License as published
    by the Free Software Foundation, either version 3 of the License, or
    (at your option) any later version.

    This program is distributed in the hope that it will be useful,
    but WITHOUT ANY WARRANTY; without even the implied warranty of
    MERCHANTABILITY or FITNESS FOR A PARTICULAR PURPOSE.  See the
    GNU Affero General Public License for more details.

    You should have received a copy of the GNU Affero General Public License
    along with this program.  If not, see <https://www.gnu.org/licenses/>.

    email: info@jorels.com
 -->
<odoo>
    <data noupdate="1">

        <record id="seq_salary_slip_note" model="ir.sequence">
            <field name="name">Salary Slip Note</field>
            <field name="code">salary.slip.note</field>
            <field name="implementation">no_gap</field>
            <field name="prefix">SSAN</field>
            <field name="padding">1</field>
        </record>

        <record id="seq_salary_slip_edi" model="ir.sequence">
            <field name="name">Edi payslip</field>
            <field name="code">salary.slip.edi</field>
            <field name="implementation">no_gap</field>
            <field name="prefix">EPSS</field>
            <field name="padding">1</field>
        </record>

        <record id="seq_salary_slip_edi_note" model="ir.sequence">
            <field name="name">Edi Payslip Note</field>
            <field name="code">salary.slip.edi.note</field>
            <field name="implementation">no_gap</field>
            <field name="prefix">EPAN</field>
            <field name="padding">1</field>
        </record>

    </data>
</odoo>
