id,name,model_id:id,group_id:id,perm_read,perm_write,perm_create,perm_unlink
access_l10n_co_hr_payroll_earn_line,access_l10n_co_hr_payroll_earn_line,model_l10n_co_hr_payroll_earn_line,hr_payroll.group_hr_payroll_user,1,0,0,0
access_l10n_co_hr_payroll_deduction_line,access_l10n_co_hr_payroll_deduction_line,model_l10n_co_hr_payroll_deduction_line,hr_payroll.group_hr_payroll_user,1,0,0,0
manager_l10n_co_hr_payroll_earn_line,manager_l10n_co_hr_payroll_earn_line,model_l10n_co_hr_payroll_earn_line,hr_payroll.group_hr_payroll_manager,1,1,1,1
manager_l10n_co_hr_payroll_deduction_line,manager_l10n_co_hr_payroll_deduction_line,model_l10n_co_hr_payroll_deduction_line,hr_payroll.group_hr_payroll_manager,1,1,1,1
access_hr_payslip_edi,access_hr_payslip_edi,model_hr_payslip_edi,hr_payroll.group_hr_payroll_user,1,0,0,0
manager_hr_payslip_edi,manager_hr_payslip_edi,model_hr_payslip_edi,hr_payroll.group_hr_payroll_manager,1,1,1,1
access_hr_rule_input_officer,hr.rule.input.office,model_hr_rule_input,hr_payroll.group_hr_payroll_user,1,1,1,1
access_l10n_co_hr_payroll_edi,access_l10n_co_hr_payroll_edi,model_l10n_co_hr_payroll_edi,hr_payroll.group_hr_payroll_user,1,0,0,0
manager_l10n_co_hr_payroll_edi,access_l10n_co_hr_payroll_edi,model_l10n_co_hr_payroll_edi,hr_payroll.group_hr_payroll_manager,1,1,1,1
access_l10n_co_hr_payroll_edi_gen,access_l10n_co_hr_payroll_edi_gen,model_l10n_co_hr_payroll_edi_gen,hr_payroll.group_hr_payroll_user,1,0,0,0
manager_l10n_co_hr_payroll_edi_gen,access_l10n_co_hr_payroll_edi_gen,model_l10n_co_hr_payroll_edi_gen,hr_payroll.group_hr_payroll_manager,1,1,1,1