<?xml version="1.0" encoding="utf-8"?>

<!--Jorels S.A.S. - Copyright (2024)-->

<!--This file is part of l10n_co_edi_jorels.-->

<!--l10n_co_edi_jorels is free software: you can redistribute it and/or modify-->
<!--it under the terms of the GNU Lesser General Public License as published by-->
<!--the Free Software Foundation, either version 3 of the License, or-->
<!--(at your option) any later version.-->

<!--l10n_co_edi_jorels is distributed in the hope that it will be useful,-->
<!--but WITHOUT ANY WARRANTY; without even the implied warranty of-->
<!--MERCHANTABILITY or FITNESS FOR A PARTICULAR PURPOSE.  See the-->
<!--GNU Lesser General Public License for more details.-->

<!--You should have received a copy of the GNU Lesser General Public License-->
<!--along with l10n_co_edi_jorels.  If not, see <https://www.gnu.org/licenses/>.-->

<!--email: info@jorels.com-->

<odoo>
    <data noupdate="1">
        <record id="l10n_co_edi_jorels.email_template_radian" model="mail.template">
            <field name="name">Radian event: Send by email</field>
            <field name="model_id" ref="l10n_co_edi_jorels.model_l10n_co_edi_jorels_radian"/>
            <field name="email_from">{{ (object.company_id.email_edi_formatted) }}</field>
            <field name="email_to">{{ (object.move_id.partner_id.email_edi) }}</field>
            <field name="partner_to">{{ object.move_id.partner_id.id }}</field>
            <field name="subject">Evento;{{object.move_id.number_formatted or ''}};{{object.company_id.vat_formatted or ''}};{{object.company_id.business_name or object.company_id.name or ''}};{{object.edi_number or ''}};{{object.event_id.code or ''}}</field>
            <field name="body_html" type="html">
                <div style="margin: 0px; padding: 0px;">
                    <p style="margin: 0px; padding: 0px; font-size: 13px;">
                        Dear
                        <t t-if="object.move_id and object.move_id.partner_id and object.move_id.partner_id.parent_id">
                            <t t-out="object.move_id.partner_id.name or ''">Brandon Freeman</t> (<t t-out="object.move_id.partner_id.parent_id.name or ''">Azure Interior</t>),
                        </t>
                        <t t-else="">
                            <t t-if="object.move_id and object.move_id.partner_id">
                                <t t-out="object.move_id.partner_id.name or ''">Brandon Freeman</t>,
                            </t>
                        </t>
                        <br /><br />
                        Here is your
                        <t t-if="object.event_id and object.event_id.name">
                            Radian event <strong t-out="object.event_id.name or ''">Acuse de recibido</strong>
                        </t>
                        <t t-else="">
                            Radian event
                        </t>
                        <t t-if="object.edi_number">
                            with number <strong t-out="object.edi_number or ''">E0310</strong>
                        </t>
                        <t t-if="object.move_id and object.move_id.number_formatted">
                            (with invoice: <t t-out="object.move_id.number_formatted or ''">INV0</t>)
                        </t>
                        <t t-if="object.company_id.business_name">
                            from <t t-out="object.company_id.business_name or ''">YourCompany</t>.
                        </t>
                        <t t-else="object.company_id.name">
                            from <t t-out="object.company_id.name or ''">YourCompany</t>.
                        </t>
                        <br /><br />
                        Do not hesitate to contact us if you have any questions.
                    </p>
                </div>
            </field>
            <field name="lang">{{ object.move_id.partner_id.lang }}</field>
            <field name="auto_delete" eval="False"/>
        </record>

        <record id="l10n_co_edi_jorels.email_template_edi" model="mail.template">
            <field name="name">Edi: Send by email</field>
            <field name="model_id" ref="account.model_account_move"/>
            <field name="email_from">{{ (object.company_id.email_edi_formatted) }}</field>
            <field name="email_to">{{ (object.partner_id.email_edi) }}</field>
            <field name="partner_to">{{ object.partner_id.id }}</field>
            <field name="subject">{{object.company_id.vat_formatted or ''}};{{object.company_id.business_name or object.company_id.name or ''}};{{object.number_formatted or ''}};{{object.ei_type_document_id.code or ''}};{{object.company_id.trade_name or object.company_id.business_name or object.company_id.name or ''}};</field>
            <field name="description">Sent to customers with their invoices in attachment (EDI)</field>
            <field name="body_html" type="html">
<div style="margin: 0px; padding: 0px;">
    <p style="margin: 0px; padding: 0px; font-size: 13px;">
        Dear
        <t t-if="object.partner_id.parent_id">
            <t t-out="object.partner_id.name or ''">Brandon Freeman</t> (<t t-out="object.partner_id.parent_id.name or ''">Azure Interior</t>),
        </t>
        <t t-else="">
            <t t-out="object.partner_id.name or ''">Brandon Freeman</t>,
        </t>
        <br /><br />
        Here is your
        <t t-if="object.name">
            invoice <span style="font-weight:bold;" t-out="object.name or ''">INV/2021/05/0005</span>
        </t>
        <t t-else="">
            invoice
        </t>
        <t t-if="object.invoice_origin">
            (with reference: <t t-out="object.invoice_origin or ''">SUB003</t>)
        </t>
        amounting in <span style="font-weight:bold;" t-out="format_amount(object.amount_total, object.currency_id) or ''">$ 143,750.00</span>
        from <t t-out="object.company_id.name or ''">YourCompany</t>.
        <t t-if="object.payment_state in ('paid', 'in_payment')">
            This invoice is already paid.
        </t>
        <t t-else="">
            Please remit payment at your earliest convenience.
            <t t-if="object.payment_reference">
                <br /><br />
                Please use the following communication for your payment: <span style="font-weight:bold;" t-out="object.payment_reference or ''">INV/2021/05/0005</span>.
            </t>
        </t>
        <t t-if="hasattr(object, 'timesheet_count') and object.timesheet_count">
            <br /><br />
            PS: you can review your timesheets <a t-att-href="'my/timesheets?search_in=invoice&amp;search=%s' % object.name">from the portal.</a>
        </t>
        <br /><br />
        Do not hesitate to contact us if you have any questions.
        <t t-if="not is_html_empty(object.invoice_user_id.signature)">
            <br /><br />
            <t t-out="object.invoice_user_id.signature or ''">--<br/>Mitchell Admin</t>
        </t>
    </p>
</div>
            </field>
            <field name="lang">{{ object.partner_id.lang }}</field>
            <field name="auto_delete" eval="True"/>
        </record>
    </data>
</odoo>
